[{"inputs":[],"stateMutability":"nonpayable","type":"constructor","signature":"constructor"},{"inputs":[{"internalType":"uint256","name":"choices","type":"uint256"},{"internalType":"uint256","name":"fromDate","type":"uint256"},{"internalType":"uint256","name":"endDate","type":"uint256"}],"name":"createVoting","outputs":[],"stateMutability":"payable","type":"function","payable":true,"signature":"0x08dee7f4"},{"inputs":[],"name":"creator","outputs":[{"internalType":"address","name":"","type":"address"}],"stateMutability":"view","type":"function","constant":true,"signature":"0x02d05d3f"},{"inputs":[{"internalType":"uint256","name":"","type":"uint256"}],"name":"deployedVotings","outputs":[{"internalType":"address payable","name":"","type":"address"}],"stateMutability":"view","type":"function","constant":true,"signature":"0x298f37ab"},{"inputs":[],"name":"getDeployedVotings","outputs":[{"internalType":"address payable[]","name":"","type":"address[]"}],"stateMutability":"view","type":"function","constant":true,"signature":"0x3e04b578"},{"inputs":[],"name":"minVotingFee","outputs":[{"internalType":"uint256","name":"","type":"uint256"}],"stateMutability":"view","type":"function","constant":true,"signature":"0x51c69939"}]